--
-- PostgreSQL database dump
--

-- Dumped from database version 16.3 (Ubuntu 16.3-1.pgdg24.04+1)
-- Dumped by pg_dump version 16.3 (Ubuntu 16.3-1.pgdg24.04+1)

SET statement_timeout = 0;
SET lock_timeout = 0;
SET idle_in_transaction_session_timeout = 0;
SET client_encoding = 'UTF8';
SET standard_conforming_strings = on;
SELECT pg_catalog.set_config('search_path', '', false);
SET check_function_bodies = false;
SET xmloption = content;
SET client_min_messages = warning;
SET row_security = off;

SET default_tablespace = '';

SET default_table_access_method = heap;

--
-- Name: geography_geographiccategory; Type: TABLE; Schema: public; Owner: sellinios
--

CREATE TABLE public.geography_geographiccategory (
    id bigint NOT NULL,
    name character varying(255) NOT NULL,
    slug character varying(255) NOT NULL
);


ALTER TABLE public.geography_geographiccategory OWNER TO sellinios;

--
-- Name: geography_geographiccategory_id_seq; Type: SEQUENCE; Schema: public; Owner: sellinios
--

ALTER TABLE public.geography_geographiccategory ALTER COLUMN id ADD GENERATED BY DEFAULT AS IDENTITY (
    SEQUENCE NAME public.geography_geographiccategory_id_seq
    START WITH 1
    INCREMENT BY 1
    NO MINVALUE
    NO MAXVALUE
    CACHE 1
);


--
-- Name: geography_geographicdivision; Type: TABLE; Schema: public; Owner: sellinios
--

CREATE TABLE public.geography_geographicdivision (
    id bigint NOT NULL,
    name character varying(255) NOT NULL,
    slug character varying(255) NOT NULL,
    level_name character varying(255) NOT NULL,
    parent_id bigint
);


ALTER TABLE public.geography_geographicdivision OWNER TO sellinios;

--
-- Name: geography_geographicdivision_id_seq; Type: SEQUENCE; Schema: public; Owner: sellinios
--

ALTER TABLE public.geography_geographicdivision ALTER COLUMN id ADD GENERATED BY DEFAULT AS IDENTITY (
    SEQUENCE NAME public.geography_geographicdivision_id_seq
    START WITH 1
    INCREMENT BY 1
    NO MINVALUE
    NO MAXVALUE
    CACHE 1
);


--
-- Name: geography_geographicplace; Type: TABLE; Schema: public; Owner: sellinios
--

CREATE TABLE public.geography_geographicplace (
    id integer NOT NULL,
    longitude double precision NOT NULL,
    latitude double precision NOT NULL,
    elevation double precision,
    confirmed boolean NOT NULL,
    location public.geography(Point,4326),
    admin_division_id bigint NOT NULL,
    category_id bigint NOT NULL
);


ALTER TABLE public.geography_geographicplace OWNER TO sellinios;

--
-- Name: geography_geographicplace_id_seq; Type: SEQUENCE; Schema: public; Owner: sellinios
--

ALTER TABLE public.geography_geographicplace ALTER COLUMN id ADD GENERATED BY DEFAULT AS IDENTITY (
    SEQUENCE NAME public.geography_geographicplace_id_seq
    START WITH 1
    INCREMENT BY 1
    NO MINVALUE
    NO MAXVALUE
    CACHE 1
);


--
-- Name: geography_geographicplace_translation; Type: TABLE; Schema: public; Owner: sellinios
--

CREATE TABLE public.geography_geographicplace_translation (
    id bigint NOT NULL,
    language_code character varying(15) NOT NULL,
    name character varying(255),
    slug character varying(255) NOT NULL,
    master_id integer
);


ALTER TABLE public.geography_geographicplace_translation OWNER TO sellinios;

--
-- Name: geography_geographicplace_translation_id_seq; Type: SEQUENCE; Schema: public; Owner: sellinios
--

ALTER TABLE public.geography_geographicplace_translation ALTER COLUMN id ADD GENERATED BY DEFAULT AS IDENTITY (
    SEQUENCE NAME public.geography_geographicplace_translation_id_seq
    START WITH 1
    INCREMENT BY 1
    NO MINVALUE
    NO MAXVALUE
    CACHE 1
);


--
-- Data for Name: geography_geographiccategory; Type: TABLE DATA; Schema: public; Owner: sellinios
--

COPY public.geography_geographiccategory (id, name, slug) FROM stdin;
1	Place	place
2	Mountain	mountain
\.


--
-- Data for Name: geography_geographicdivision; Type: TABLE DATA; Schema: public; Owner: sellinios
--

COPY public.geography_geographicdivision (id, name, slug, level_name, parent_id) FROM stdin;
2	Europe	europe	Continent	\N
3	Greece	greece	Country	2
4	Attica	attica	Region	3
1	Municipality of Vyronas	municipality-of-vyronas	Municipality	4
5	Municipality of Glyfada	municipality-of-glyfada	Municipality	4
6	Municipality of Athens	municipality-of-athens	Municipality	4
7	Central Macedonia	central-macedonia	Region	3
8	Municipality of Dion Olympos	municipality-of-dion-olympos	Municipality	7
9	Peloponnese	peloponnese	Region	3
10	Municipality of Patras	municipality-of-patras	Municipality	9
11	Municipality of Thessaloniki	municipality-of-thessaloniki	Municipality	7
\.


--
-- Data for Name: geography_geographicplace; Type: TABLE DATA; Schema: public; Owner: sellinios
--

COPY public.geography_geographicplace (id, longitude, latitude, elevation, confirmed, location, admin_division_id, category_id) FROM stdin;
1	23.751301	37.959333	0	t	0101000020E6100000BD73284355C037409E7C7A6CCBFA4240	1	1
2	23.727539	37.983811	0	t	0101000020E61000008690F3FE3FBA3740F838D384EDFD4240	6	1
3	23.755045	37.865044	0	t	0101000020E610000021020EA14AC13740EECC04C3B9EE4240	5	1
5	21.734444	38.244444	0	t	0101000020E610000051BEA08504BC35400ADAE4F0491F4340	10	1
6	22.947412	40.629269	0	t	0101000020E610000084D6C39789F236407DB1F7E28B504440	11	1
4	22.358521	40.085567	2917	t	0101000020E6100000E1ED4108C85B3640F44E05DCF30A4440	8	2
\.


--
-- Data for Name: geography_geographicplace_translation; Type: TABLE DATA; Schema: public; Owner: sellinios
--

COPY public.geography_geographicplace_translation (id, language_code, name, slug, master_id) FROM stdin;
1	el	Βύρωνας	vyronas	1
4	el	Αθήνα	athens	2
6	el	Γλυφάδα	glyfada	3
7	el	Όλυμπος	olympus	4
8	el	Πάτρα	patra	5
14	en	Vyronas	vyronas	1
15	en	Athens	athens	2
16	en	Glyfada	glyfada	3
17	en	Olympus	olympus	4
18	en	Patra	patra	5
19	el	Θεσσαλονίκη	thessaloniki	6
20	en	Thessaloniki	thessaloniki	6
\.


--
-- Name: geography_geographiccategory_id_seq; Type: SEQUENCE SET; Schema: public; Owner: sellinios
--

SELECT pg_catalog.setval('public.geography_geographiccategory_id_seq', 2, true);


--
-- Name: geography_geographicdivision_id_seq; Type: SEQUENCE SET; Schema: public; Owner: sellinios
--

SELECT pg_catalog.setval('public.geography_geographicdivision_id_seq', 11, true);


--
-- Name: geography_geographicplace_id_seq; Type: SEQUENCE SET; Schema: public; Owner: sellinios
--

SELECT pg_catalog.setval('public.geography_geographicplace_id_seq', 6, true);


--
-- Name: geography_geographicplace_translation_id_seq; Type: SEQUENCE SET; Schema: public; Owner: sellinios
--

SELECT pg_catalog.setval('public.geography_geographicplace_translation_id_seq', 20, true);


--
-- Name: geography_geographiccategory geography_geographiccategory_pkey; Type: CONSTRAINT; Schema: public; Owner: sellinios
--

ALTER TABLE ONLY public.geography_geographiccategory
    ADD CONSTRAINT geography_geographiccategory_pkey PRIMARY KEY (id);


--
-- Name: geography_geographiccategory geography_geographiccategory_slug_key; Type: CONSTRAINT; Schema: public; Owner: sellinios
--

ALTER TABLE ONLY public.geography_geographiccategory
    ADD CONSTRAINT geography_geographiccategory_slug_key UNIQUE (slug);


--
-- Name: geography_geographicdivision geography_geographicdivi_name_parent_id_level_nam_755b6add_uniq; Type: CONSTRAINT; Schema: public; Owner: sellinios
--

ALTER TABLE ONLY public.geography_geographicdivision
    ADD CONSTRAINT geography_geographicdivi_name_parent_id_level_nam_755b6add_uniq UNIQUE (name, parent_id, level_name);


--
-- Name: geography_geographicdivision geography_geographicdivision_pkey; Type: CONSTRAINT; Schema: public; Owner: sellinios
--

ALTER TABLE ONLY public.geography_geographicdivision
    ADD CONSTRAINT geography_geographicdivision_pkey PRIMARY KEY (id);


--
-- Name: geography_geographicdivision geography_geographicdivision_slug_key; Type: CONSTRAINT; Schema: public; Owner: sellinios
--

ALTER TABLE ONLY public.geography_geographicdivision
    ADD CONSTRAINT geography_geographicdivision_slug_key UNIQUE (slug);


--
-- Name: geography_geographicplace_translation geography_geographicplac_language_code_master_id_93de491c_uniq; Type: CONSTRAINT; Schema: public; Owner: sellinios
--

ALTER TABLE ONLY public.geography_geographicplace_translation
    ADD CONSTRAINT geography_geographicplac_language_code_master_id_93de491c_uniq UNIQUE (language_code, master_id);


--
-- Name: geography_geographicplace geography_geographicplace_pkey; Type: CONSTRAINT; Schema: public; Owner: sellinios
--

ALTER TABLE ONLY public.geography_geographicplace
    ADD CONSTRAINT geography_geographicplace_pkey PRIMARY KEY (id);


--
-- Name: geography_geographicplace_translation geography_geographicplace_translation_pkey; Type: CONSTRAINT; Schema: public; Owner: sellinios
--

ALTER TABLE ONLY public.geography_geographicplace_translation
    ADD CONSTRAINT geography_geographicplace_translation_pkey PRIMARY KEY (id);


--
-- Name: geography_g_longitu_45f7ca_idx; Type: INDEX; Schema: public; Owner: sellinios
--

CREATE INDEX geography_g_longitu_45f7ca_idx ON public.geography_geographicplace USING btree (longitude, latitude);


--
-- Name: geography_geographiccategory_slug_738f197b_like; Type: INDEX; Schema: public; Owner: sellinios
--

CREATE INDEX geography_geographiccategory_slug_738f197b_like ON public.geography_geographiccategory USING btree (slug varchar_pattern_ops);


--
-- Name: geography_geographicdivision_parent_id_4cd11151; Type: INDEX; Schema: public; Owner: sellinios
--

CREATE INDEX geography_geographicdivision_parent_id_4cd11151 ON public.geography_geographicdivision USING btree (parent_id);


--
-- Name: geography_geographicdivision_slug_278f45cd_like; Type: INDEX; Schema: public; Owner: sellinios
--

CREATE INDEX geography_geographicdivision_slug_278f45cd_like ON public.geography_geographicdivision USING btree (slug varchar_pattern_ops);


--
-- Name: geography_geographicplac_language_code_bfa3b772_like; Type: INDEX; Schema: public; Owner: sellinios
--

CREATE INDEX geography_geographicplac_language_code_bfa3b772_like ON public.geography_geographicplace_translation USING btree (language_code varchar_pattern_ops);


--
-- Name: geography_geographicplace_admin_division_id_cfd734cf; Type: INDEX; Schema: public; Owner: sellinios
--

CREATE INDEX geography_geographicplace_admin_division_id_cfd734cf ON public.geography_geographicplace USING btree (admin_division_id);


--
-- Name: geography_geographicplace_category_id_22f2fd40; Type: INDEX; Schema: public; Owner: sellinios
--

CREATE INDEX geography_geographicplace_category_id_22f2fd40 ON public.geography_geographicplace USING btree (category_id);


--
-- Name: geography_geographicplace_location_2398fe7e_id; Type: INDEX; Schema: public; Owner: sellinios
--

CREATE INDEX geography_geographicplace_location_2398fe7e_id ON public.geography_geographicplace USING gist (location);


--
-- Name: geography_geographicplace_translation_language_code_bfa3b772; Type: INDEX; Schema: public; Owner: sellinios
--

CREATE INDEX geography_geographicplace_translation_language_code_bfa3b772 ON public.geography_geographicplace_translation USING btree (language_code);


--
-- Name: geography_geographicplace_translation_master_id_f389c8ef; Type: INDEX; Schema: public; Owner: sellinios
--

CREATE INDEX geography_geographicplace_translation_master_id_f389c8ef ON public.geography_geographicplace_translation USING btree (master_id);


--
-- Name: geography_geographicplace_translation_slug_6dacda7c; Type: INDEX; Schema: public; Owner: sellinios
--

CREATE INDEX geography_geographicplace_translation_slug_6dacda7c ON public.geography_geographicplace_translation USING btree (slug);


--
-- Name: geography_geographicplace_translation_slug_6dacda7c_like; Type: INDEX; Schema: public; Owner: sellinios
--

CREATE INDEX geography_geographicplace_translation_slug_6dacda7c_like ON public.geography_geographicplace_translation USING btree (slug varchar_pattern_ops);


--
-- Name: geography_geographicplace geography_geographic_admin_division_id_cfd734cf_fk_geography; Type: FK CONSTRAINT; Schema: public; Owner: sellinios
--

ALTER TABLE ONLY public.geography_geographicplace
    ADD CONSTRAINT geography_geographic_admin_division_id_cfd734cf_fk_geography FOREIGN KEY (admin_division_id) REFERENCES public.geography_geographicdivision(id) DEFERRABLE INITIALLY DEFERRED;


--
-- Name: geography_geographicplace geography_geographic_category_id_22f2fd40_fk_geography; Type: FK CONSTRAINT; Schema: public; Owner: sellinios
--

ALTER TABLE ONLY public.geography_geographicplace
    ADD CONSTRAINT geography_geographic_category_id_22f2fd40_fk_geography FOREIGN KEY (category_id) REFERENCES public.geography_geographiccategory(id) DEFERRABLE INITIALLY DEFERRED;


--
-- Name: geography_geographicplace_translation geography_geographic_master_id_f389c8ef_fk_geography; Type: FK CONSTRAINT; Schema: public; Owner: sellinios
--

ALTER TABLE ONLY public.geography_geographicplace_translation
    ADD CONSTRAINT geography_geographic_master_id_f389c8ef_fk_geography FOREIGN KEY (master_id) REFERENCES public.geography_geographicplace(id) DEFERRABLE INITIALLY DEFERRED;


--
-- Name: geography_geographicdivision geography_geographic_parent_id_4cd11151_fk_geography; Type: FK CONSTRAINT; Schema: public; Owner: sellinios
--

ALTER TABLE ONLY public.geography_geographicdivision
    ADD CONSTRAINT geography_geographic_parent_id_4cd11151_fk_geography FOREIGN KEY (parent_id) REFERENCES public.geography_geographicdivision(id) DEFERRABLE INITIALLY DEFERRED;


--
-- PostgreSQL database dump complete
--

